{"noiseKey":{"private":{"type":"Buffer","data":"wCMttZ8PV0MCJ30muj/5wGKkuLmIPWcYMwkRytRsb1Q="},"public":{"type":"Buffer","data":"2aTkV6DJ+36Qy7nUIIicH5J78WO+WjX0TI3ydHIPHDQ="}},"pairingEphemeralKeyPair":{"private":{"type":"Buffer","data":"aMWBNMwZs/r8IDMQbdO901pWBtZZeYD0O/XWcU4Yjkg="},"public":{"type":"Buffer","data":"c9KtNJMTvrkfbPGMTS7y/9LQaiKw/YATvLAD6obPJzI="}},"signedIdentityKey":{"private":{"type":"Buffer","data":"kP7V4GUhr37/SId4fwCawDsERgNmb5ezfBZc28gxLkw="},"public":{"type":"Buffer","data":"nACR8ODKnBN9LLmjjNbqJM8cAmIVXPB7Ji1JTMPBJ10="}},"signedPreKey":{"keyPair":{"private":{"type":"Buffer","data":"GEhjmBl6O2+cbRobLAU0+g0QU0VI1AEoTgwWUF6bXkI="},"public":{"type":"Buffer","data":"CZ1XqmMeqnw/0ce3XcNSnvqfwu9JqhlyuCR9lR7zAiw="}},"signature":{"type":"Buffer","data":"TjKl4KlTgGAv51RNr3iP45AHXlpFQ6A6M2bDLLpwt/RdWlzrUrINo53sm96y2FrCHRbA5UBCzsq1AR7O3UPiCQ=="},"keyId":1},"registrationId":129,"advSecretKey":"/ACeV1N72AtiR9c6BGptEnhrO2dAzR8Pkxoy8JM8IGI=","processedHistoryMessages":[{"key":{"remoteJid":"255624073199@s.whatsapp.net","fromMe":true,"id":"CD363CDF172C4F74BDDA64338CDE46BE"},"messageTimestamp":1745254812},{"key":{"remoteJid":"255624073199@s.whatsapp.net","fromMe":true,"id":"95D333630B986A8026916565AA865889"},"messageTimestamp":1745254813}],"nextPreKeyId":31,"firstUnuploadedPreKeyId":31,"accountSyncCounter":1,"accountSettings":{"unarchiveChats":false},"registered":true,"pairingCode":"RE9TRESP","me":{"id":"255624073199:3@s.whatsapp.net","name":"QALIGO26","lid":"73302693433361:3@lid"},"account":{"details":"CKSn5xUQlPOZwAYYASAAKAA=","accountSignatureKey":"niImEXfiU0G3kJkH5iJ1Khcg+3ViMK+p9KNcczdaL0w=","accountSignature":"fLQIsVDhmMyUBKQaqhEi41hYHP200lDMcOljPULArxENrcC2SMzh5pW102BYZLoI3ZM/aA7vjtKQQexyhyq/BA==","deviceSignature":"qrcyL3ui7SS8+G0zqbOV9ZuAcJSfrylob9pAnWoKuGo+kS5VK9emRrDtK5Snm+GffYqQdAm7JBr7xUkfBUgfAg=="},"signalIdentities":[{"identifier":{"name":"255624073199:3@s.whatsapp.net","deviceId":0},"identifierKey":{"type":"Buffer","data":"BZ4iJhF34lNBt5CZB+YidSoXIPt1YjCvqfSjXHM3Wi9M"}}],"platform":"smba","routingInfo":{"type":"Buffer","data":"CAgIEg=="},"lastAccountSyncTimestamp":1745254808,"lastPropHash":"3gPUJk","myAppStateKeyId":"AAAAAG5G"}